time,signal
0.000000,0.024835
0.001001,0.064098
0.002002,0.125485
0.003003,0.243615
0.004004,0.262281
0.005005,0.356171
0.006006,0.501145
0.007007,0.472901
0.008008,0.590043
0.009009,0.561377
