time,signal
0.000000,0.248357
0.001001,0.930868
0.002002,1.323845
0.003003,1.761515
0.004004,1.148894
0.005005,0.553849
0.006006,-0.112222
0.007007,-0.668858
0.008008,-1.030885
0.009009,-1.343392
