time,acceleration
0.000000,-0.005023
0.001001,0.004977
0.002002,-0.005023
0.003003,0.014977
0.004004,0.004977
0.005005,0.004977
0.006006,0.014977
0.007007,0.004977
0.008008,0.014977
0.009009,-0.005023
